timestamp,mac,rssi,origem
2025-04-05 15:30:57.465820,50:8a:06:fc:81:4d,-53.0,-53 dBm | Origem: Cliente desconhecido
2025-04-05 15:30:57.470304,54:4b:54:2b:84:8f,-62.0,-62 dBm | Origem: Cliente desconhecido
2025-04-05 15:30:57.481690,56:4b:54:3b:84:8f,-62.0,-62 dBm | Origem: Cliente desconhecido
2025-04-05 15:30:57.507320,00:e0:20:5c:07:c5,-85.0,-85 dBm | Origem: Cliente desconhecido
2025-04-05 15:30:57.511615,30:cc:21:14:be:83,-16.0,-16 dBm | Origem: Cliente desconhecido
2025-04-05 15:30:57.593352,a0:de:0f:60:67:8d,-81.0,-81 dBm | Origem: Cliente desconhecido
2025-04-05 15:30:57.688708,52:9f:14:d9:81:25,-65.0,-65 dBm | Origem: Cliente desconhecido
2025-04-05 15:30:57.734814,54:4b:54:24:74:37,-84.0,-84 dBm | Origem: Cliente desconhecido
2025-04-05 15:30:57.822375,dc:4f:22:fa:54:46,-68.0,-68 dBm | Origem: Cliente desconhecido
2025-04-05 15:30:57.956818,1e:98:11:c5:8f:2f,-71.0,-71 dBm | Origem: Cliente desconhecido
2025-04-05 15:30:58.003152,a0:de:0f:60:67:8d,-44.0,-44 dBm | Origem: Cliente desconhecido
2025-04-05 15:30:58.023450,30:cc:21:14:be:83,-16.0,-16 dBm | Origem: Cliente desconhecido
2025-04-05 15:30:58.074106,dc:4f:22:fa:54:46,-70.0,-70 dBm | Origem: Cliente desconhecido
2025-04-05 15:30:58.084689,54:4b:54:2b:84:8f,-62.0,-62 dBm | Origem: Cliente desconhecido
2025-04-05 15:30:58.096123,56:4b:54:3b:84:8f,-62.0,-62 dBm | Origem: Cliente desconhecido
2025-04-05 15:30:58.147588,00:e0:20:5c:07:c5,-85.0,-85 dBm | Origem: Cliente desconhecido
2025-04-05 15:30:58.182511,50:8a:06:fc:81:4d,-53.0,-53 dBm | Origem: Cliente desconhecido
2025-04-05 15:30:58.231985,54:4b:54:24:74:37,-84.0,-84 dBm | Origem: Cliente desconhecido
2025-04-05 15:30:59.006304,54:4b:54:2b:84:8f,-62.0,-62 dBm | Origem: Cliente desconhecido
2025-04-05 15:30:59.017745,56:4b:54:3b:84:8f,-62.0,-62 dBm | Origem: Cliente desconhecido
2025-04-05 15:30:59.047294,a0:de:0f:60:67:88,-82.0,-82 dBm | Origem: Cliente desconhecido
2025-04-05 15:30:59.052894,30:cc:21:14:be:83,-16.0,-16 dBm | Origem: Cliente desconhecido
2025-04-05 15:30:59.087016,c0:51:5c:67:a7:2c,-86.0,-86 dBm | Origem: Cliente desconhecido
2025-04-05 15:30:59.114212,54:4b:54:24:74:37,-83.0,-83 dBm | Origem: Cliente desconhecido
2025-04-05 15:30:59.129090,a0:de:0f:60:67:8d,-83.0,-83 dBm | Origem: Cliente desconhecido
2025-04-05 15:30:59.204736,52:9f:14:d9:81:25,-61.0,-61 dBm | Origem: Cliente desconhecido
2025-04-05 15:30:59.616234,50:8a:06:fc:81:4d,-53.0,-53 dBm | Origem: Cliente desconhecido
2025-04-05 15:31:00.013178,50:8a:06:fc:81:4d,-58.0,-58 dBm | Origem: Cliente desconhecido
2025-04-05 15:31:00.019804,dc:4f:22:fa:54:46,-75.0,-75 dBm | Origem: Cliente desconhecido
2025-04-05 15:31:00.030300,54:4b:54:2b:84:8f,-62.0,-62 dBm | Origem: Cliente desconhecido
2025-04-05 15:31:00.041716,56:4b:54:3b:84:8f,-62.0,-62 dBm | Origem: Cliente desconhecido
2025-04-05 15:31:00.065088,30:cc:21:14:be:83,-19.0,-19 dBm | Origem: Cliente desconhecido
2025-04-05 15:31:00.160873,52:9f:14:d9:81:25,-62.0,-62 dBm | Origem: Cliente desconhecido
2025-04-05 15:31:00.734617,54:4b:54:24:74:37,-82.0,-82 dBm | Origem: Cliente desconhecido
2025-04-05 15:31:00.869914,a0:de:0f:60:67:8d,-82.0,-82 dBm | Origem: Cliente desconhecido
2025-04-05 15:31:01.003090,54:4b:54:24:74:37,-84.0,-84 dBm | Origem: Cliente desconhecido
2025-04-05 15:31:01.049746,50:8a:06:fc:81:4d,-53.0,-53 dBm | Origem: Cliente desconhecido
2025-04-05 15:31:01.054295,54:4b:54:2b:84:8f,-62.0,-62 dBm | Origem: Cliente desconhecido
2025-04-05 15:31:01.063348,52:9f:14:d9:81:25,-65.0,-65 dBm | Origem: Cliente desconhecido
2025-04-05 15:31:01.065698,56:4b:54:3b:84:8f,-62.0,-62 dBm | Origem: Cliente desconhecido
2025-04-05 15:31:01.095556,30:cc:21:14:be:83,-16.0,-16 dBm | Origem: Cliente desconhecido
2025-04-05 15:31:01.095822,a0:de:0f:60:67:88,-82.0,-82 dBm | Origem: Cliente desconhecido
2025-04-05 15:31:01.586747,a0:de:0f:60:67:8d,-80.0,-80 dBm | Origem: Cliente desconhecido
2025-04-05 15:31:01.816123,dc:4f:22:fa:54:46,-75.0,-75 dBm | Origem: Cliente desconhecido
2025-04-05 15:31:01.839118,32:fa:bb:95:5e:e2,-70.0,-70 dBm | Origem: Cliente desconhecido
2025-04-05 15:31:01.861534,22:55:7e:84:10:17,-65.0,-65 dBm | Origem: Cliente desconhecido
2025-04-05 15:31:02.003878,54:4b:54:24:74:37,-82.0,-82 dBm | Origem: Cliente desconhecido
2025-04-05 15:31:02.017328,30:cc:21:14:be:83,-16.0,-16 dBm | Origem: Cliente desconhecido
2025-04-05 15:31:02.018247,50:8a:06:fc:81:4d,-53.0,-53 dBm | Origem: Cliente desconhecido
2025-04-05 15:31:02.037905,52:9f:14:d9:81:25,-64.0,-64 dBm | Origem: Cliente desconhecido
2025-04-05 15:31:02.050232,22:55:7e:84:10:17,-69.0,-69 dBm | Origem: Cliente desconhecido
2025-04-05 15:31:02.078305,54:4b:54:2b:84:8f,-62.0,-62 dBm | Origem: Cliente desconhecido
2025-04-05 15:31:02.089740,56:4b:54:3b:84:8f,-62.0,-62 dBm | Origem: Cliente desconhecido
2025-04-05 15:31:02.213891,c2:17:90:83:13:2b,-72.0,-72 dBm | Origem: Cliente desconhecido
2025-04-05 15:31:02.657793,f0:a8:82:56:94:ae,-79.0,-79 dBm | Origem: Cliente desconhecido
2025-04-05 15:31:02.736204,dc:4f:22:fa:54:46,-71.0,-71 dBm | Origem: Cliente desconhecido
2025-04-05 15:31:03.000090,22:55:7e:84:10:17,-66.0,-66 dBm | Origem: Cliente desconhecido
2025-04-05 15:31:03.011335,56:4b:54:3b:84:8f,-62.0,-62 dBm | Origem: Cliente desconhecido
2025-04-05 15:31:03.020346,a0:de:0f:60:67:8d,-82.0,-82 dBm | Origem: Cliente desconhecido
2025-04-05 15:31:03.030649,52:9f:14:d9:81:25,-66.0,-66 dBm | Origem: Cliente desconhecido
2025-04-05 15:31:03.041114,30:cc:21:14:be:83,-16.0,-16 dBm | Origem: Cliente desconhecido
2025-04-05 15:31:03.041678,50:8a:06:fc:81:4d,-53.0,-53 dBm | Origem: Cliente desconhecido
2025-04-05 15:31:03.093496,54:4b:54:24:74:37,-83.0,-83 dBm | Origem: Cliente desconhecido
2025-04-05 15:31:03.102329,54:4b:54:2b:84:8f,-62.0,-62 dBm | Origem: Cliente desconhecido
2025-04-05 15:31:03.201236,c2:17:90:83:13:2b,-77.0,-77 dBm | Origem: Cliente desconhecido
2025-04-05 15:31:03.759662,dc:4f:22:fa:54:46,-71.0,-71 dBm | Origem: Cliente desconhecido
2025-04-05 15:31:03.772291,7e:39:85:f8:c8:f4,-87.0,-87 dBm | Origem: Cliente desconhecido
2025-04-05 15:31:03.935223,c0:51:5c:67:a7:2c,-87.0,-87 dBm | Origem: Cliente desconhecido
2025-04-05 15:31:04.016497,52:9f:14:d9:81:25,-72.0,-72 dBm | Origem: Cliente desconhecido
2025-04-05 15:31:04.016882,22:55:7e:84:10:17,-79.0,-79 dBm | Origem: Cliente desconhecido
2025-04-05 15:31:04.023912,54:4b:54:2b:84:8f,-62.0,-62 dBm | Origem: Cliente desconhecido
2025-04-05 15:31:04.035328,56:4b:54:3b:84:8f,-62.0,-62 dBm | Origem: Cliente desconhecido
2025-04-05 15:31:04.044356,a0:de:0f:60:67:8d,-82.0,-82 dBm | Origem: Cliente desconhecido
2025-04-05 15:31:04.054452,54:4b:54:24:74:37,-84.0,-84 dBm | Origem: Cliente desconhecido
2025-04-05 15:31:04.061329,50:8a:06:fc:81:4d,-53.0,-53 dBm | Origem: Cliente desconhecido
2025-04-05 15:31:04.065112,30:cc:21:14:be:83,-16.0,-16 dBm | Origem: Cliente desconhecido
2025-04-05 15:31:04.215184,c2:17:90:83:13:2b,-73.0,-73 dBm | Origem: Cliente desconhecido
2025-04-05 15:31:04.783038,dc:4f:22:fa:54:46,-74.0,-74 dBm | Origem: Cliente desconhecido
2025-04-05 15:31:05.009610,54:4b:54:24:74:37,-83.0,-83 dBm | Origem: Cliente desconhecido
2025-04-05 15:31:05.024190,50:8a:06:fc:81:4d,-57.0,-57 dBm | Origem: Cliente desconhecido
2025-04-05 15:31:05.047933,54:4b:54:2b:84:8f,-62.0,-62 dBm | Origem: Cliente desconhecido
2025-04-05 15:31:05.059341,56:4b:54:3b:84:8f,-62.0,-62 dBm | Origem: Cliente desconhecido
2025-04-05 15:31:05.082725,30:cc:21:14:be:83,-19.0,-19 dBm | Origem: Cliente desconhecido
2025-04-05 15:31:05.091055,dc:4f:22:fa:54:46,-71.0,-71 dBm | Origem: Cliente desconhecido
2025-04-05 15:31:05.108296,c0:51:5c:67:a7:2c,-82.0,-82 dBm | Origem: Cliente desconhecido
2025-04-05 15:31:05.256663,c2:17:90:83:13:2b,-74.0,-74 dBm | Origem: Cliente desconhecido
2025-04-05 15:31:05.273316,a0:de:0f:60:67:8d,-82.0,-82 dBm | Origem: Cliente desconhecido
2025-04-05 15:31:05.355332,52:9f:14:d9:81:25,-73.0,-73 dBm | Origem: Cliente desconhecido
2025-04-05 15:31:05.729422,22:55:7e:84:10:17,-69.0,-69 dBm | Origem: Cliente desconhecido
2025-04-05 15:31:06.009353,50:8a:06:fc:81:4d,-53.0,-53 dBm | Origem: Cliente desconhecido
2025-04-05 15:31:06.012245,30:cc:21:14:be:83,-16.0,-16 dBm | Origem: Cliente desconhecido
2025-04-05 15:31:06.037161,c2:17:90:83:13:2b,-71.0,-71 dBm | Origem: Cliente desconhecido
2025-04-05 15:31:06.057684,22:55:7e:84:10:17,-70.0,-70 dBm | Origem: Cliente desconhecido
2025-04-05 15:31:06.071935,54:4b:54:2b:84:8f,-62.0,-62 dBm | Origem: Cliente desconhecido
2025-04-05 15:31:06.083362,56:4b:54:3b:84:8f,-62.0,-62 dBm | Origem: Cliente desconhecido
2025-04-05 15:31:06.125306,00:e0:20:5c:07:c5,-85.0,-85 dBm | Origem: Cliente desconhecido
2025-04-05 15:31:06.297983,a0:de:0f:60:67:8d,-82.0,-82 dBm | Origem: Cliente desconhecido
2025-04-05 15:31:06.318476,6e:b5:d7:6d:c9:fa,-72.0,-72 dBm | Origem: Cliente desconhecido
2025-04-05 15:31:06.422256,52:9f:14:d9:81:25,-79.0,-79 dBm | Origem: Cliente desconhecido
2025-04-05 15:31:06.456316,54:4b:54:24:74:37,-82.0,-82 dBm | Origem: Cliente desconhecido
2025-04-05 15:31:06.831097,dc:4f:22:fa:54:46,-68.0,-68 dBm | Origem: Cliente desconhecido
2025-04-05 15:31:06.994219,26:96:da:7c:af:b7,-76.0,-76 dBm | Origem: Cliente desconhecido
2025-04-05 15:31:07.003058,30:cc:21:14:be:83,-16.0,-16 dBm | Origem: Cliente desconhecido
2025-04-05 15:31:07.012926,54:4b:54:2b:84:8f,-62.0,-62 dBm | Origem: Cliente desconhecido
2025-04-05 15:31:07.025130,52:9f:14:d9:81:25,-73.0,-73 dBm | Origem: Cliente desconhecido
2025-04-05 15:31:07.035572,50:8a:06:fc:81:4d,-53.0,-53 dBm | Origem: Cliente desconhecido
2025-04-05 15:31:07.060271,54:4b:54:24:74:37,-84.0,-84 dBm | Origem: Cliente desconhecido
2025-04-05 15:31:07.088575,26:96:da:7c:af:b7,-79.0,-79 dBm | Origem: Cliente desconhecido
2025-04-05 15:31:07.107366,56:4b:54:3b:84:8f,-62.0,-62 dBm | Origem: Cliente desconhecido
2025-04-05 15:31:07.176173,c0:51:5c:67:a7:2c,-84.0,-84 dBm | Origem: Cliente desconhecido
2025-04-05 15:31:07.321595,c2:17:90:83:13:2b,-71.0,-71 dBm | Origem: Cliente desconhecido
2025-04-05 15:31:07.548472,dc:4f:22:fa:54:46,-68.0,-68 dBm | Origem: Cliente desconhecido
2025-04-05 15:31:07.875544,00:e0:20:5c:07:c5,-82.0,-82 dBm | Origem: Cliente desconhecido
2025-04-05 15:31:07.906268,02:e0:20:0c:07:c5,-83.0,-83 dBm | Origem: Cliente desconhecido
2025-04-05 15:31:08.017536,54:4b:54:2b:84:8f,-62.0,-62 dBm | Origem: Cliente desconhecido
2025-04-05 15:31:08.028961,56:4b:54:3b:84:8f,-62.0,-62 dBm | Origem: Cliente desconhecido
2025-04-05 15:31:08.059021,30:cc:21:14:be:83,-16.0,-16 dBm | Origem: Cliente desconhecido
2025-04-05 15:31:08.059471,50:8a:06:fc:81:4d,-53.0,-53 dBm | Origem: Cliente desconhecido
2025-04-05 15:31:08.201629,52:9f:14:d9:81:25,-74.0,-74 dBm | Origem: Cliente desconhecido
2025-04-05 15:31:08.345195,a0:de:0f:60:67:8d,-83.0,-83 dBm | Origem: Cliente desconhecido
2025-04-05 15:31:08.372710,ee:9f:2c:e0:bb:9d,-82.0,-82 dBm | Origem: Cliente desconhecido
2025-04-05 15:31:08.600399,dc:4f:22:fa:54:46,-67.0,-67 dBm | Origem: Cliente desconhecido
2025-04-05 15:31:09.041532,54:4b:54:2b:84:8f,-62.0,-62 dBm | Origem: Cliente desconhecido
2025-04-05 15:31:09.052947,56:4b:54:3b:84:8f,-62.0,-62 dBm | Origem: Cliente desconhecido
2025-04-05 15:31:09.083024,30:cc:21:14:be:83,-16.0,-16 dBm | Origem: Cliente desconhecido
2025-04-05 15:31:09.083575,50:8a:06:fc:81:4d,-53.0,-53 dBm | Origem: Cliente desconhecido
2025-04-05 15:31:09.104311,00:e0:20:5c:07:c5,-84.0,-84 dBm | Origem: Cliente desconhecido
2025-04-05 15:31:09.156025,22:55:7e:84:10:17,-67.0,-67 dBm | Origem: Cliente desconhecido
2025-04-05 15:31:09.164415,a0:de:0f:60:67:8d,-83.0,-83 dBm | Origem: Cliente desconhecido
2025-04-05 15:31:09.233562,c0:51:5c:67:a7:2c,-84.0,-84 dBm | Origem: Cliente desconhecido
2025-04-05 15:31:09.479642,54:4b:54:24:74:37,-81.0,-81 dBm | Origem: Cliente desconhecido
2025-04-05 15:31:09.558482,c2:17:90:83:13:2b,-74.0,-74 dBm | Origem: Cliente desconhecido
2025-04-05 15:31:09.774465,52:9f:14:d9:81:25,-75.0,-75 dBm | Origem: Cliente desconhecido
2025-04-05 15:31:09.904170,dc:4f:22:fa:54:46,-72.0,-72 dBm | Origem: Cliente desconhecido
2025-04-05 15:31:10.000124,54:4b:54:24:74:37,-84.0,-84 dBm | Origem: Cliente desconhecido
2025-04-05 15:31:10.004465,30:cc:21:14:be:83,-16.0,-16 dBm | Origem: Cliente desconhecido
2025-04-05 15:31:10.005226,50:8a:06:fc:81:4d,-53.0,-53 dBm | Origem: Cliente desconhecido
2025-04-05 15:31:10.027502,c0:51:5c:67:a7:2c,-85.0,-85 dBm | Origem: Cliente desconhecido
2025-04-05 15:31:10.065560,54:4b:54:2b:84:8f,-62.0,-62 dBm | Origem: Cliente desconhecido
2025-04-05 15:31:10.065759,dc:4f:22:fa:54:46,-70.0,-70 dBm | Origem: Cliente desconhecido
2025-04-05 15:31:10.074486,c2:17:90:83:13:2b,-72.0,-72 dBm | Origem: Cliente desconhecido
2025-04-05 15:31:10.076989,56:4b:54:3b:84:8f,-62.0,-62 dBm | Origem: Cliente desconhecido
2025-04-05 15:31:10.086133,a0:de:0f:60:67:8d,-83.0,-83 dBm | Origem: Cliente desconhecido
2025-04-05 15:31:10.290181,32:fa:bb:95:5e:e2,-70.0,-70 dBm | Origem: Cliente desconhecido
2025-04-05 15:31:10.387177,22:55:7e:84:10:17,-66.0,-66 dBm | Origem: Cliente desconhecido
2025-04-05 15:31:10.527418,52:9f:14:d9:81:25,-74.0,-74 dBm | Origem: Cliente desconhecido
2025-04-05 15:31:10.845173,00:e0:20:5c:07:c5,-84.0,-84 dBm | Origem: Cliente desconhecido
2025-04-05 15:31:11.028549,30:cc:21:14:be:83,-16.0,-16 dBm | Origem: Cliente desconhecido
2025-04-05 15:31:11.029140,50:8a:06:fc:81:4d,-53.0,-53 dBm | Origem: Cliente desconhecido
2025-04-05 15:31:11.089566,54:4b:54:2b:84:8f,-62.0,-62 dBm | Origem: Cliente desconhecido
2025-04-05 15:31:11.100949,56:4b:54:3b:84:8f,-62.0,-62 dBm | Origem: Cliente desconhecido
2025-04-05 15:31:11.110073,52:9f:14:d9:81:25,-78.0,-78 dBm | Origem: Cliente desconhecido
2025-04-05 15:31:11.148747,c0:51:5c:67:a7:2c,-85.0,-85 dBm | Origem: Cliente desconhecido
2025-04-05 15:31:11.237404,54:4b:54:24:74:37,-84.0,-84 dBm | Origem: Cliente desconhecido
2025-04-05 15:31:11.416760,22:55:7e:84:10:17,-65.0,-65 dBm | Origem: Cliente desconhecido
2025-04-05 15:31:11.849469,dc:4f:22:fa:54:46,-69.0,-69 dBm | Origem: Cliente desconhecido
2025-04-05 15:31:11.929196,a0:de:0f:60:67:8d,-82.0,-82 dBm | Origem: Cliente desconhecido
2025-04-05 15:31:12.011137,54:4b:54:2b:84:8f,-62.0,-62 dBm | Origem: Cliente desconhecido
2025-04-05 15:31:12.011340,dc:4f:22:fa:54:46,-73.0,-73 dBm | Origem: Cliente desconhecido
2025-04-05 15:31:12.022566,56:4b:54:3b:84:8f,-63.0,-63 dBm | Origem: Cliente desconhecido
2025-04-05 15:31:12.048952,50:8a:06:fc:81:4d,-53.0,-53 dBm | Origem: Cliente desconhecido
2025-04-05 15:31:12.052540,30:cc:21:14:be:83,-16.0,-16 dBm | Origem: Cliente desconhecido
2025-04-05 15:31:12.057645,22:55:7e:84:10:17,-64.0,-64 dBm | Origem: Cliente desconhecido
2025-04-05 15:31:12.134527,a0:de:0f:60:67:8d,-81.0,-81 dBm | Origem: Cliente desconhecido
2025-04-05 15:31:12.790816,00:e0:20:5c:07:c5,-84.0,-84 dBm | Origem: Cliente desconhecido
2025-04-05 15:31:13.035154,54:4b:54:2b:84:8f,-62.0,-62 dBm | Origem: Cliente desconhecido
2025-04-05 15:31:13.035354,dc:4f:22:fa:54:46,-74.0,-74 dBm | Origem: Cliente desconhecido
2025-04-05 15:31:13.046565,56:4b:54:3b:84:8f,-62.0,-62 dBm | Origem: Cliente desconhecido
2025-04-05 15:31:13.050021,e6:fb:5a:17:eb:b7,-65.0,-65 dBm | Origem: Cliente desconhecido
2025-04-05 15:31:13.053274,30:cc:21:14:be:83,-16.0,-16 dBm | Origem: Cliente desconhecido
2025-04-05 15:31:13.137792,54:4b:54:24:74:37,-83.0,-83 dBm | Origem: Cliente desconhecido
2025-04-05 15:31:13.163611,22:55:7e:84:10:17,-74.0,-74 dBm | Origem: Cliente desconhecido
2025-04-05 15:31:13.463079,52:9f:14:d9:81:25,-73.0,-73 dBm | Origem: Cliente desconhecido
2025-04-05 15:31:13.567878,a0:de:0f:60:67:8d,-81.0,-81 dBm | Origem: Cliente desconhecido
2025-04-05 15:31:13.603087,50:8a:06:fc:81:4d,-54.0,-54 dBm | Origem: Cliente desconhecido
2025-04-05 15:31:13.622249,b8:c6:aa:72:e5:fa,-41.0,-41 dBm | Origem: Cliente desconhecido
2025-04-05 15:31:14.006146,54:4b:54:24:74:37,-83.0,-83 dBm | Origem: Cliente desconhecido
2025-04-05 15:31:14.022210,22:55:7e:84:10:17,-76.0,-76 dBm | Origem: Cliente desconhecido
2025-04-05 15:31:14.025661,52:9f:14:d9:81:25,-74.0,-74 dBm | Origem: Cliente desconhecido
2025-04-05 15:31:14.059133,54:4b:54:2b:84:8f,-62.0,-62 dBm | Origem: Cliente desconhecido
2025-04-05 15:31:14.070522,56:4b:54:3b:84:8f,-62.0,-62 dBm | Origem: Cliente desconhecido
2025-04-05 15:31:14.095308,30:cc:21:14:be:83,-19.0,-19 dBm | Origem: Cliente desconhecido
2025-04-05 15:31:14.157078,50:8a:06:fc:81:4d,-53.0,-53 dBm | Origem: Cliente desconhecido
2025-04-05 15:31:14.168207,dc:4f:22:fa:54:46,-77.0,-77 dBm | Origem: Cliente desconhecido
2025-04-05 15:31:14.284451,a0:de:0f:60:67:8d,-83.0,-83 dBm | Origem: Cliente desconhecido
2025-04-05 15:31:15.001172,dc:4f:22:fa:54:46,-74.0,-74 dBm | Origem: Cliente desconhecido
2025-04-05 15:31:15.011942,22:55:7e:84:10:17,-69.0,-69 dBm | Origem: Cliente desconhecido
2025-04-05 15:31:15.012308,54:4b:54:24:74:37,-83.0,-83 dBm | Origem: Cliente desconhecido
2025-04-05 15:31:15.012373,52:9f:14:d9:81:25,-78.0,-78 dBm | Origem: Cliente desconhecido
2025-04-05 15:31:15.022124,30:cc:21:14:be:83,-17.0,-17 dBm | Origem: Cliente desconhecido
2025-04-05 15:31:15.032786,50:8a:06:fc:81:4d,-57.0,-57 dBm | Origem: Cliente desconhecido
2025-04-05 15:31:15.065609,54:4b:54:2b:84:8f,-62.0,-62 dBm | Origem: Cliente desconhecido
2025-04-05 15:31:15.066509,f0:a8:82:56:94:ae,-81.0,-81 dBm | Origem: Cliente desconhecido
2025-04-05 15:31:15.099928,56:4b:54:3b:84:8f,-62.0,-62 dBm | Origem: Cliente desconhecido
2025-04-05 15:31:15.737352,a0:de:0f:60:67:88,-82.0,-82 dBm | Origem: Cliente desconhecido
2025-04-05 15:31:15.761071,00:e0:20:5c:07:c5,-80.0,-80 dBm | Origem: Cliente desconhecido
2025-04-05 15:31:15.820490,a0:de:0f:60:67:8d,-82.0,-82 dBm | Origem: Cliente desconhecido
2025-04-05 15:31:16.004788,54:4b:54:2b:84:8f,-62.0,-62 dBm | Origem: Cliente desconhecido
2025-04-05 15:31:16.016167,56:4b:54:3b:84:8f,-62.0,-62 dBm | Origem: Cliente desconhecido
2025-04-05 15:31:16.025200,dc:4f:22:fa:54:46,-69.0,-69 dBm | Origem: Cliente desconhecido
2025-04-05 15:31:16.046107,30:cc:21:14:be:83,-17.0,-17 dBm | Origem: Cliente desconhecido
2025-04-05 15:31:16.165624,52:9f:14:d9:81:25,-76.0,-76 dBm | Origem: Cliente desconhecido
2025-04-05 15:31:16.281764,54:4b:54:24:74:37,-84.0,-84 dBm | Origem: Cliente desconhecido
2025-04-05 15:31:16.312316,22:55:7e:84:10:17,-67.0,-67 dBm | Origem: Cliente desconhecido
2025-04-05 15:31:16.456165,6e:b5:d7:6d:c9:fa,-70.0,-70 dBm | Origem: Cliente desconhecido
2025-04-05 15:31:16.475549,50:8a:06:fc:81:4d,-53.0,-53 dBm | Origem: Cliente desconhecido
2025-04-05 15:31:16.845841,a0:de:0f:60:67:8d,-81.0,-81 dBm | Origem: Cliente desconhecido
2025-04-05 15:31:17.002992,52:9f:14:d9:81:25,-71.0,-71 dBm | Origem: Cliente desconhecido
2025-04-05 15:31:17.003599,50:8a:06:fc:81:4d,-53.0,-53 dBm | Origem: Cliente desconhecido
2025-04-05 15:31:17.028772,54:4b:54:2b:84:8f,-62.0,-62 dBm | Origem: Cliente desconhecido
2025-04-05 15:31:17.040175,56:4b:54:3b:84:8f,-62.0,-62 dBm | Origem: Cliente desconhecido
2025-04-05 15:31:17.049206,dc:4f:22:fa:54:46,-71.0,-71 dBm | Origem: Cliente desconhecido
2025-04-05 15:31:17.070211,30:cc:21:14:be:83,-17.0,-17 dBm | Origem: Cliente desconhecido
2025-04-05 15:31:17.469290,54:4b:54:24:74:37,-81.0,-81 dBm | Origem: Cliente desconhecido
2025-04-05 15:31:17.622233,a0:de:0f:60:67:88,-83.0,-83 dBm | Origem: Cliente desconhecido
2025-04-05 15:31:18.003640,52:9f:14:d9:81:25,-70.0,-70 dBm | Origem: Cliente desconhecido
2025-04-05 15:31:18.052752,54:4b:54:2b:84:8f,-62.0,-62 dBm | Origem: Cliente desconhecido
2025-04-05 15:31:18.064191,56:4b:54:3b:84:8f,-62.0,-62 dBm | Origem: Cliente desconhecido
2025-04-05 15:31:18.073333,a0:de:0f:60:67:8d,-84.0,-84 dBm | Origem: Cliente desconhecido
2025-04-05 15:31:18.094117,30:cc:21:14:be:83,-16.0,-16 dBm | Origem: Cliente desconhecido
2025-04-05 15:31:18.151320,22:55:7e:84:10:17,-72.0,-72 dBm | Origem: Cliente desconhecido
2025-04-05 15:31:18.188596,74:ec:b2:78:e1:3e,-38.0,-38 dBm | Origem: Cliente desconhecido
2025-04-05 15:31:18.343330,dc:4f:22:fa:54:46,-74.0,-74 dBm | Origem: Cliente desconhecido
2025-04-05 15:31:18.608558,b8:c6:aa:72:e5:fa,-41.0,-41 dBm | Origem: Cliente desconhecido
2025-04-05 15:31:18.873688,54:4b:54:24:74:37,-84.0,-84 dBm | Origem: Cliente desconhecido
2025-04-05 15:31:18.914372,50:8a:06:fc:81:4d,-53.0,-53 dBm | Origem: Cliente desconhecido
2025-04-05 15:31:19.008418,54:4b:54:24:74:37,-85.0,-85 dBm | Origem: Cliente desconhecido
2025-04-05 15:31:19.015983,30:cc:21:14:be:83,-17.0,-17 dBm | Origem: Cliente desconhecido
2025-04-05 15:31:19.022394,52:9f:14:d9:81:25,-76.0,-76 dBm | Origem: Cliente desconhecido
2025-04-05 15:31:19.076761,54:4b:54:2b:84:8f,-62.0,-62 dBm | Origem: Cliente desconhecido
2025-04-05 15:31:19.088212,56:4b:54:3b:84:8f,-62.0,-62 dBm | Origem: Cliente desconhecido
2025-04-05 15:31:19.097851,a0:de:0f:60:67:8d,-87.0,-87 dBm | Origem: Cliente desconhecido
2025-04-05 15:31:19.175112,50:8a:06:fc:81:4d,-53.0,-53 dBm | Origem: Cliente desconhecido
2025-04-05 15:31:19.212723,dc:4f:22:fa:54:46,-71.0,-71 dBm | Origem: Cliente desconhecido
2025-04-05 15:31:20.000342,54:4b:54:24:74:37,-83.0,-83 dBm | Origem: Cliente desconhecido
2025-04-05 15:31:20.009794,56:4b:54:3b:84:8f,-62.0,-62 dBm | Origem: Cliente desconhecido
2025-04-05 15:31:20.021635,52:9f:14:d9:81:25,-71.0,-71 dBm | Origem: Cliente desconhecido
2025-04-05 15:31:20.039772,30:cc:21:14:be:83,-16.0,-16 dBm | Origem: Cliente desconhecido
2025-04-05 15:31:20.040299,50:8a:06:fc:81:4d,-57.0,-57 dBm | Origem: Cliente desconhecido
2025-04-05 15:31:20.100799,54:4b:54:2b:84:8f,-62.0,-62 dBm | Origem: Cliente desconhecido
2025-04-05 15:31:20.116326,22:55:7e:84:10:17,-64.0,-64 dBm | Origem: Cliente desconhecido
2025-04-05 15:31:20.121534,a0:de:0f:60:67:8d,-82.0,-82 dBm | Origem: Cliente desconhecido
2025-04-05 15:31:20.330507,48:9a:5b:c7:f8:40,-82.0,-82 dBm | Origem: Cliente desconhecido
2025-04-05 15:31:20.449657,6e:b5:d7:6d:c9:fa,-69.0,-69 dBm | Origem: Cliente desconhecido
2025-04-05 15:31:20.880314,00:e0:20:5c:07:c5,-83.0,-83 dBm | Origem: Cliente desconhecido
2025-04-05 15:31:21.001181,f0:a8:82:56:94:ae,-82.0,-82 dBm | Origem: Cliente desconhecido
2025-04-05 15:31:21.005885,54:4b:54:2b:84:8f,-62.0,-62 dBm | Origem: Cliente desconhecido
2025-04-05 15:31:21.029971,52:9f:14:d9:81:25,-69.0,-69 dBm | Origem: Cliente desconhecido
2025-04-05 15:31:21.033120,30:cc:21:14:be:83,-16.0,-16 dBm | Origem: Cliente desconhecido
2025-04-05 15:31:21.035449,56:4b:54:3b:84:8f,-61.0,-61 dBm | Origem: Cliente desconhecido
2025-04-05 15:31:21.038842,22:55:7e:84:10:17,-66.0,-66 dBm | Origem: Cliente desconhecido
2025-04-05 15:31:21.255177,54:4b:54:24:74:37,-79.0,-79 dBm | Origem: Cliente desconhecido
2025-04-05 15:31:21.295769,50:8a:06:fc:81:4d,-53.0,-53 dBm | Origem: Cliente desconhecido
2025-04-05 15:31:21.371273,b8:c6:aa:72:e5:fa,-41.0,-41 dBm | Origem: Cliente desconhecido
2025-04-05 15:31:21.392312,00:e0:20:5c:07:c5,-80.0,-80 dBm | Origem: Cliente desconhecido
2025-04-05 15:31:21.452736,a0:de:0f:60:67:8d,-83.0,-83 dBm | Origem: Cliente desconhecido
2025-04-05 15:31:21.633387,da:a1:19:45:6d:bd,-75.0,-75 dBm | Origem: Cliente desconhecido
2025-04-05 15:31:21.726036,da:a1:19:f5:c7:09,-75.0,-75 dBm | Origem: Cliente desconhecido
2025-04-05 15:31:22.001829,54:4b:54:24:74:37,-84.0,-84 dBm | Origem: Cliente desconhecido
2025-04-05 15:31:22.025185,52:9f:14:d9:81:25,-71.0,-71 dBm | Origem: Cliente desconhecido
2025-04-05 15:31:22.046388,54:4b:54:2b:84:8f,-62.0,-62 dBm | Origem: Cliente desconhecido
2025-04-05 15:31:22.058088,56:4b:54:3b:84:8f,-62.0,-62 dBm | Origem: Cliente desconhecido
2025-04-05 15:31:22.066926,a0:de:0f:60:67:8d,-82.0,-82 dBm | Origem: Cliente desconhecido
2025-04-05 15:31:22.087861,30:cc:21:14:be:83,-16.0,-16 dBm | Origem: Cliente desconhecido
2025-04-05 15:31:22.144552,50:8a:06:fc:81:4d,-53.0,-53 dBm | Origem: Cliente desconhecido
2025-04-05 15:31:22.145667,32:fa:bb:95:5e:e2,-70.0,-70 dBm | Origem: Cliente desconhecido
2025-04-05 15:31:22.518706,00:e0:20:5c:07:c5,-84.0,-84 dBm | Origem: Cliente desconhecido
2025-04-05 15:31:23.009386,30:cc:21:14:be:83,-16.0,-16 dBm | Origem: Cliente desconhecido
2025-04-05 15:31:23.010240,50:8a:06:fc:81:4d,-53.0,-53 dBm | Origem: Cliente desconhecido
2025-04-05 15:31:23.053244,52:9f:14:d9:81:25,-69.0,-69 dBm | Origem: Cliente desconhecido
2025-04-05 15:31:23.070389,54:4b:54:2b:84:8f,-62.0,-62 dBm | Origem: Cliente desconhecido
2025-04-05 15:31:23.081804,56:4b:54:3b:84:8f,-62.0,-62 dBm | Origem: Cliente desconhecido
2025-04-05 15:31:23.398149,a0:de:0f:60:67:8d,-81.0,-81 dBm | Origem: Cliente desconhecido
2025-04-05 15:31:23.405596,54:4b:54:24:74:37,-83.0,-83 dBm | Origem: Cliente desconhecido
2025-04-05 15:31:23.626323,b8:c6:aa:72:e5:fa,-41.0,-41 dBm | Origem: Cliente desconhecido
2025-04-05 15:31:23.823601,74:ec:b2:78:e1:3e,-38.0,-38 dBm | Origem: Cliente desconhecido
2025-04-05 15:31:23.952322,00:e0:20:5c:07:c5,-84.0,-84 dBm | Origem: Cliente desconhecido
2025-04-05 15:31:24.003421,56:4b:54:3b:84:8f,-62.0,-62 dBm | Origem: Cliente desconhecido
2025-04-05 15:31:24.020241,54:4b:54:24:74:37,-82.0,-82 dBm | Origem: Cliente desconhecido
2025-04-05 15:31:24.033463,30:cc:21:14:be:83,-16.0,-16 dBm | Origem: Cliente desconhecido
2025-04-05 15:31:24.035154,50:8a:06:fc:81:4d,-53.0,-53 dBm | Origem: Cliente desconhecido
2025-04-05 15:31:24.094417,54:4b:54:2b:84:8f,-62.0,-62 dBm | Origem: Cliente desconhecido
2025-04-05 15:31:24.217634,a0:de:0f:60:67:8d,-84.0,-84 dBm | Origem: Cliente desconhecido
2025-04-05 15:31:24.337237,1e:98:11:c5:8f:2f,-70.0,-70 dBm | Origem: Cliente desconhecido
2025-04-05 15:31:24.419704,52:9f:14:d9:81:25,-71.0,-71 dBm | Origem: Cliente desconhecido
2025-04-05 15:31:24.875345,dc:4f:22:fa:54:46,-74.0,-74 dBm | Origem: Cliente desconhecido
2025-04-05 15:31:25.003383,54:4b:54:24:74:37,-82.0,-82 dBm | Origem: Cliente desconhecido
2025-04-05 15:31:25.015998,54:4b:54:2b:84:8f,-62.0,-62 dBm | Origem: Cliente desconhecido
2025-04-05 15:31:25.027421,56:4b:54:3b:84:8f,-62.0,-62 dBm | Origem: Cliente desconhecido
2025-04-05 15:31:25.056816,a0:de:0f:60:67:88,-80.0,-80 dBm | Origem: Cliente desconhecido
2025-04-05 15:31:25.059382,30:cc:21:14:be:83,-17.0,-17 dBm | Origem: Cliente desconhecido
2025-04-05 15:31:25.059579,50:8a:06:fc:81:4d,-56.0,-56 dBm | Origem: Cliente desconhecido
2025-04-05 15:31:25.173476,dc:4f:22:fa:54:46,-70.0,-70 dBm | Origem: Cliente desconhecido
2025-04-05 15:31:25.241366,a0:de:0f:60:67:8d,-82.0,-82 dBm | Origem: Cliente desconhecido
2025-04-05 15:31:25.248709,1e:98:11:c5:8f:2f,-69.0,-69 dBm | Origem: Cliente desconhecido
2025-04-05 15:31:25.416708,00:e0:20:5c:07:c5,-85.0,-85 dBm | Origem: Cliente desconhecido
2025-04-05 15:31:25.808072,d8:77:8b:f0:ad:72,-82.0,-82 dBm | Origem: Cliente desconhecido
2025-04-05 15:31:25.980383,52:9f:14:d9:81:25,-77.0,-77 dBm | Origem: Cliente desconhecido
2025-04-05 15:31:26.040006,54:4b:54:2b:84:8f,-62.0,-62 dBm | Origem: Cliente desconhecido
2025-04-05 15:31:26.051414,56:4b:54:3b:84:8f,-62.0,-62 dBm | Origem: Cliente desconhecido
2025-04-05 15:31:26.051640,52:9f:14:d9:81:25,-76.0,-76 dBm | Origem: Cliente desconhecido
2025-04-05 15:31:26.061246,a0:de:0f:60:67:8d,-81.0,-81 dBm | Origem: Cliente desconhecido
2025-04-05 15:31:26.081583,30:cc:21:14:be:83,-17.0,-17 dBm | Origem: Cliente desconhecido
2025-04-05 15:31:26.119901,dc:4f:22:fa:54:46,-75.0,-75 dBm | Origem: Cliente desconhecido
2025-04-05 15:31:26.212396,50:8a:06:fc:81:4d,-53.0,-53 dBm | Origem: Cliente desconhecido
2025-04-05 15:31:26.221965,1e:98:11:c5:8f:2f,-71.0,-71 dBm | Origem: Cliente desconhecido
2025-04-05 15:31:26.474306,b8:c6:aa:72:e5:fa,-36.0,-36 dBm | Origem: Cliente desconhecido
2025-04-05 15:31:26.522671,54:4b:54:24:74:37,-83.0,-83 dBm | Origem: Cliente desconhecido
2025-04-05 15:31:26.605486,a0:de:0f:60:67:88,-83.0,-83 dBm | Origem: Cliente desconhecido
2025-04-05 15:31:26.987512,74:ec:b2:78:e1:3e,-41.0,-41 dBm | Origem: Cliente desconhecido
2025-04-05 15:31:27.003361,30:cc:21:14:be:83,-16.0,-16 dBm | Origem: Cliente desconhecido
2025-04-05 15:31:27.025747,54:4b:54:24:74:37,-83.0,-83 dBm | Origem: Cliente desconhecido
2025-04-05 15:31:27.064004,54:4b:54:2b:84:8f,-62.0,-62 dBm | Origem: Cliente desconhecido
2025-04-05 15:31:27.075432,56:4b:54:3b:84:8f,-62.0,-62 dBm | Origem: Cliente desconhecido
2025-04-05 15:31:27.092114,38:7a:cc:9f:06:f2,-80.0,-80 dBm | Origem: Cliente desconhecido
2025-04-05 15:31:27.163093,dc:4f:22:fa:54:46,-70.0,-70 dBm | Origem: Cliente desconhecido
2025-04-05 15:31:27.179331,52:9f:14:d9:81:25,-69.0,-69 dBm | Origem: Cliente desconhecido
2025-04-05 15:31:27.187078,a0:de:0f:60:67:8d,-82.0,-82 dBm | Origem: Cliente desconhecido
2025-04-05 15:31:27.200654,22:55:7e:84:10:17,-75.0,-75 dBm | Origem: Cliente desconhecido
2025-04-05 15:31:27.208763,50:8a:06:fc:81:4d,-53.0,-53 dBm | Origem: Cliente desconhecido
2025-04-05 15:31:27.415806,56:4b:54:34:74:37,-82.0,-82 dBm | Origem: Cliente desconhecido
2025-04-05 15:31:27.491182,1e:98:11:c5:8f:2f,-70.0,-70 dBm | Origem: Cliente desconhecido
2025-04-05 15:31:28.014476,54:4b:54:24:74:37,-83.0,-83 dBm | Origem: Cliente desconhecido
2025-04-05 15:31:28.021887,30:cc:21:14:be:83,-19.0,-19 dBm | Origem: Cliente desconhecido
2025-04-05 15:31:28.060150,52:9f:14:d9:81:25,-75.0,-75 dBm | Origem: Cliente desconhecido
2025-04-05 15:31:28.078516,22:55:7e:84:10:17,-73.0,-73 dBm | Origem: Cliente desconhecido
2025-04-05 15:31:28.088028,54:4b:54:2b:84:8f,-62.0,-62 dBm | Origem: Cliente desconhecido
2025-04-05 15:31:28.099418,56:4b:54:3b:84:8f,-62.0,-62 dBm | Origem: Cliente desconhecido
2025-04-05 15:31:28.153487,dc:4f:22:fa:54:46,-73.0,-73 dBm | Origem: Cliente desconhecido
2025-04-05 15:31:28.173222,1e:98:11:c5:8f:2f,-72.0,-72 dBm | Origem: Cliente desconhecido
2025-04-05 15:31:28.232768,50:8a:06:fc:81:4d,-53.0,-53 dBm | Origem: Cliente desconhecido
2025-04-05 15:31:28.314935,a0:de:0f:60:67:8d,-83.0,-83 dBm | Origem: Cliente desconhecido
2025-04-05 15:31:28.951738,56:4b:54:34:74:37,-82.0,-82 dBm | Origem: Cliente desconhecido
2025-04-05 15:31:29.009622,54:4b:54:2b:84:8f,-62.0,-62 dBm | Origem: Cliente desconhecido
2025-04-05 15:31:29.021041,56:4b:54:3b:84:8f,-62.0,-62 dBm | Origem: Cliente desconhecido
2025-04-05 15:31:29.021491,54:4b:54:24:74:37,-84.0,-84 dBm | Origem: Cliente desconhecido
2025-04-05 15:31:29.022946,52:9f:14:d9:81:25,-78.0,-78 dBm | Origem: Cliente desconhecido
2025-04-05 15:31:29.037155,a0:de:0f:60:67:8d,-82.0,-82 dBm | Origem: Cliente desconhecido
2025-04-05 15:31:29.045917,30:cc:21:14:be:83,-19.0,-19 dBm | Origem: Cliente desconhecido
2025-04-05 15:31:29.102307,b8:c6:aa:72:e5:fa,-41.0,-41 dBm | Origem: Cliente desconhecido
2025-04-05 15:31:29.155914,56:4b:54:34:74:37,-82.0,-82 dBm | Origem: Cliente desconhecido
2025-04-05 15:31:29.167824,22:55:7e:84:10:17,-78.0,-78 dBm | Origem: Cliente desconhecido
2025-04-05 15:31:29.169450,1e:98:11:c5:8f:2f,-73.0,-73 dBm | Origem: Cliente desconhecido
2025-04-05 15:31:29.359263,50:8a:06:fc:81:4d,-53.0,-53 dBm | Origem: Cliente desconhecido
2025-04-05 15:31:29.455476,dc:4f:22:fa:54:46,-74.0,-74 dBm | Origem: Cliente desconhecido
2025-04-05 15:31:29.904080,d8:77:8b:f0:ad:72,-84.0,-84 dBm | Origem: Cliente desconhecido
2025-04-05 15:31:30.045031,56:4b:54:3b:84:8f,-43.0,-43 dBm | Origem: Cliente desconhecido
2025-04-05 15:31:30.068781,30:cc:21:14:be:83,-19.0,-19 dBm | Origem: Cliente desconhecido
2025-04-05 15:31:30.136033,54:4b:54:2b:84:8f,-62.0,-62 dBm | Origem: Cliente desconhecido
2025-04-05 15:31:30.211594,1e:98:11:c5:8f:2f,-72.0,-72 dBm | Origem: Cliente desconhecido
2025-04-05 15:31:30.268807,54:4b:54:24:74:37,-81.0,-81 dBm | Origem: Cliente desconhecido
2025-04-05 15:31:30.292420,32:fa:bb:95:5e:e2,-67.0,-67 dBm | Origem: Cliente desconhecido
2025-04-05 15:31:30.386049,50:8a:06:fc:81:4d,-53.0,-53 dBm | Origem: Cliente desconhecido
2025-04-05 15:31:30.566211,a0:de:0f:60:67:8d,-81.0,-81 dBm | Origem: Cliente desconhecido
2025-04-05 15:31:31.003937,54:4b:54:24:74:37,-83.0,-83 dBm | Origem: Cliente desconhecido
2025-04-05 15:31:31.057621,54:4b:54:2b:84:8f,-62.0,-62 dBm | Origem: Cliente desconhecido
2025-04-05 15:31:31.069031,56:4b:54:3b:84:8f,-62.0,-62 dBm | Origem: Cliente desconhecido
2025-04-05 15:31:31.099876,30:cc:21:14:be:83,-16.0,-16 dBm | Origem: Cliente desconhecido
2025-04-05 15:31:31.180582,a0:de:0f:60:67:8d,-81.0,-81 dBm | Origem: Cliente desconhecido
2025-04-05 15:31:31.360754,50:8a:06:fc:81:4d,-53.0,-53 dBm | Origem: Cliente desconhecido
2025-04-05 15:31:31.435949,00:e0:20:5c:07:c5,-80.0,-80 dBm | Origem: Cliente desconhecido
2025-04-05 15:31:31.489916,1e:98:11:c5:8f:2f,-74.0,-74 dBm | Origem: Cliente desconhecido
2025-04-05 15:31:31.803426,52:9f:14:d9:81:25,-77.0,-77 dBm | Origem: Cliente desconhecido
2025-04-05 15:31:31.963428,48:9a:5b:c7:f8:40,-84.0,-84 dBm | Origem: Cliente desconhecido
2025-04-05 15:31:32.020808,30:cc:21:14:be:83,-16.0,-16 dBm | Origem: Cliente desconhecido
2025-04-05 15:31:32.054643,ee:30:b3:e2:b3:e2,-80.0,-80 dBm | Origem: Cliente desconhecido
2025-04-05 15:31:32.081633,54:4b:54:2b:84:8f,-62.0,-62 dBm | Origem: Cliente desconhecido
2025-04-05 15:31:32.093055,56:4b:54:3b:84:8f,-62.0,-62 dBm | Origem: Cliente desconhecido
2025-04-05 15:31:32.137750,74:ec:b2:78:e1:3e,-38.0,-38 dBm | Origem: Cliente desconhecido
2025-04-05 15:31:32.140217,52:9f:14:d9:81:25,-82.0,-82 dBm | Origem: Cliente desconhecido
2025-04-05 15:31:32.261867,1e:98:11:c5:8f:2f,-74.0,-74 dBm | Origem: Cliente desconhecido
2025-04-05 15:31:32.307046,a0:de:0f:60:67:8d,-82.0,-82 dBm | Origem: Cliente desconhecido
2025-04-05 15:31:32.342141,54:4b:54:24:74:37,-85.0,-85 dBm | Origem: Cliente desconhecido
2025-04-05 15:31:32.435655,50:8a:06:fc:81:4d,-53.0,-53 dBm | Origem: Cliente desconhecido
2025-04-05 15:31:32.876425,f0:a8:82:56:94:ae,-82.0,-82 dBm | Origem: Cliente desconhecido
2025-04-05 15:31:33.003262,54:4b:54:2b:84:8f,-61.0,-61 dBm | Origem: Cliente desconhecido
2025-04-05 15:31:33.003450,54:4b:54:24:74:37,-84.0,-84 dBm | Origem: Cliente desconhecido
2025-04-05 15:31:33.014605,56:4b:54:3b:84:8f,-62.0,-62 dBm | Origem: Cliente desconhecido
2025-04-05 15:31:33.044730,30:cc:21:14:be:83,-16.0,-16 dBm | Origem: Cliente desconhecido
2025-04-05 15:31:33.061297,52:9f:14:d9:81:25,-83.0,-83 dBm | Origem: Cliente desconhecido
2025-04-05 15:31:33.127359,a0:de:0f:60:67:8d,-84.0,-84 dBm | Origem: Cliente desconhecido
2025-04-05 15:31:33.471064,50:8a:06:fc:81:4d,-53.0,-53 dBm | Origem: Cliente desconhecido
2025-04-05 15:31:33.838850,22:55:7e:84:10:17,-66.0,-66 dBm | Origem: Cliente desconhecido
2025-04-05 15:31:33.868032,56:4b:54:34:74:37,-82.0,-82 dBm | Origem: Cliente desconhecido
2025-04-05 15:31:34.007541,22:55:7e:84:10:17,-79.0,-79 dBm | Origem: Cliente desconhecido
2025-04-05 15:31:34.010844,52:9f:14:d9:81:25,-79.0,-79 dBm | Origem: Cliente desconhecido
2025-04-05 15:31:34.012941,54:4b:54:24:74:37,-84.0,-84 dBm | Origem: Cliente desconhecido
2025-04-05 15:31:34.027239,54:4b:54:2b:84:8f,-62.0,-62 dBm | Origem: Cliente desconhecido
2025-04-05 15:31:34.038660,56:4b:54:3b:84:8f,-62.0,-62 dBm | Origem: Cliente desconhecido
2025-04-05 15:31:34.068988,30:cc:21:14:be:83,-16.0,-16 dBm | Origem: Cliente desconhecido
2025-04-05 15:31:34.150478,a0:de:0f:60:67:8d,-83.0,-83 dBm | Origem: Cliente desconhecido
2025-04-05 15:31:34.204705,50:8a:06:fc:81:4d,-53.0,-53 dBm | Origem: Cliente desconhecido
2025-04-05 15:31:34.408524,1e:98:11:c5:8f:2f,-76.0,-76 dBm | Origem: Cliente desconhecido
2025-04-05 15:31:35.034530,50:8a:06:fc:81:4d,-57.0,-57 dBm | Origem: Cliente desconhecido
2025-04-05 15:31:35.051244,54:4b:54:2b:84:8f,-62.0,-62 dBm | Origem: Cliente desconhecido
2025-04-05 15:31:35.062637,56:4b:54:3b:84:8f,-62.0,-62 dBm | Origem: Cliente desconhecido
2025-04-05 15:31:35.072200,a0:de:0f:60:67:8d,-81.0,-81 dBm | Origem: Cliente desconhecido
2025-04-05 15:31:35.086345,30:cc:21:14:be:83,-19.0,-19 dBm | Origem: Cliente desconhecido
2025-04-05 15:31:35.188577,22:55:7e:84:10:17,-60.0,-60 dBm | Origem: Cliente desconhecido
2025-04-05 15:31:35.242572,52:9f:14:d9:81:25,-81.0,-81 dBm | Origem: Cliente desconhecido
2025-04-05 15:31:35.345429,10:c2:5a:ff:a6:56,-81.0,-81 dBm | Origem: Cliente desconhecido
2025-04-05 15:31:35.400234,1e:98:11:c5:8f:2f,-75.0,-75 dBm | Origem: Cliente desconhecido
2025-04-05 15:31:35.481421,a0:de:0f:60:67:88,-83.0,-83 dBm | Origem: Cliente desconhecido
2025-04-05 15:31:35.500505,56:4b:54:34:74:37,-81.0,-81 dBm | Origem: Cliente desconhecido
2025-04-05 15:31:35.591262,54:4b:54:24:74:37,-79.0,-79 dBm | Origem: Cliente desconhecido
2025-04-05 15:31:35.906821,02:e0:20:0c:07:c5,-84.0,-84 dBm | Origem: Cliente desconhecido
2025-04-05 15:31:36.014626,30:cc:21:14:be:83,-16.0,-16 dBm | Origem: Cliente desconhecido
2025-04-05 15:31:36.069834,54:4b:54:24:74:37,-84.0,-84 dBm | Origem: Cliente desconhecido
2025-04-05 15:31:36.075223,54:4b:54:2b:84:8f,-62.0,-62 dBm | Origem: Cliente desconhecido
2025-04-05 15:31:36.086601,56:4b:54:3b:84:8f,-62.0,-62 dBm | Origem: Cliente desconhecido
2025-04-05 15:31:36.160845,52:9f:14:d9:81:25,-80.0,-80 dBm | Origem: Cliente desconhecido
2025-04-05 15:31:36.505802,a0:de:0f:60:67:8d,-82.0,-82 dBm | Origem: Cliente desconhecido
2025-04-05 15:31:36.545780,50:8a:06:fc:81:4d,-53.0,-53 dBm | Origem: Cliente desconhecido
2025-04-05 15:31:36.591523,22:55:7e:84:10:17,-73.0,-73 dBm | Origem: Cliente desconhecido
2025-04-05 15:31:36.616236,1e:98:11:c5:8f:2f,-68.0,-68 dBm | Origem: Cliente desconhecido
2025-04-05 15:31:36.961117,56:4b:54:31:a6:ef,-82.0,-82 dBm | Origem: Cliente desconhecido
2025-04-05 15:31:37.008269,56:4b:54:3b:84:8f,-62.0,-62 dBm | Origem: Cliente desconhecido
2025-04-05 15:31:37.017832,a0:de:0f:60:67:8d,-82.0,-82 dBm | Origem: Cliente desconhecido
2025-04-05 15:31:37.038492,30:cc:21:14:be:83,-16.0,-16 dBm | Origem: Cliente desconhecido
2025-04-05 15:31:37.091285,22:55:7e:84:10:17,-73.0,-73 dBm | Origem: Cliente desconhecido
2025-04-05 15:31:37.099256,54:4b:54:2b:84:8f,-62.0,-62 dBm | Origem: Cliente desconhecido
2025-04-05 15:31:37.127269,54:4b:54:24:74:37,-82.0,-82 dBm | Origem: Cliente desconhecido
2025-04-05 15:31:37.138795,52:9f:14:d9:81:25,-77.0,-77 dBm | Origem: Cliente desconhecido
2025-04-05 15:31:37.157346,50:8a:06:fc:81:4d,-53.0,-53 dBm | Origem: Cliente desconhecido
2025-04-05 15:31:37.421733,1e:98:11:c5:8f:2f,-70.0,-70 dBm | Origem: Cliente desconhecido
2025-04-05 15:31:37.761402,48:9a:5b:c7:f8:40,-83.0,-83 dBm | Origem: Cliente desconhecido
2025-04-05 15:31:37.878687,00:e0:20:5c:07:c5,-83.0,-83 dBm | Origem: Cliente desconhecido
2025-04-05 15:31:37.906112,02:e0:20:0c:07:c5,-84.0,-84 dBm | Origem: Cliente desconhecido
2025-04-05 15:31:37.936908,54:4b:54:1e:ef:47,-82.0,-82 dBm | Origem: Cliente desconhecido
2025-04-05 15:31:38.020844,54:4b:54:2b:84:8f,-62.0,-62 dBm | Origem: Cliente desconhecido
2025-04-05 15:31:38.032280,56:4b:54:3b:84:8f,-62.0,-62 dBm | Origem: Cliente desconhecido
2025-04-05 15:31:38.033306,22:55:7e:84:10:17,-77.0,-77 dBm | Origem: Cliente desconhecido
2025-04-05 15:31:38.062737,30:cc:21:14:be:83,-16.0,-16 dBm | Origem: Cliente desconhecido
2025-04-05 15:31:38.082431,54:4b:54:24:74:37,-83.0,-83 dBm | Origem: Cliente desconhecido
2025-04-05 15:31:38.143907,a0:de:0f:60:67:8d,-84.0,-84 dBm | Origem: Cliente desconhecido
2025-04-05 15:31:38.269772,56:4b:54:34:74:37,-79.0,-79 dBm | Origem: Cliente desconhecido
2025-04-05 15:31:38.588552,50:8a:06:fc:81:4d,-53.0,-53 dBm | Origem: Cliente desconhecido
2025-04-05 15:31:38.596014,52:9f:14:d9:81:25,-81.0,-81 dBm | Origem: Cliente desconhecido
2025-04-05 15:31:38.899004,00:0c:e7:0d:ad:87,-75.0,-75 dBm | Origem: Cliente desconhecido
2025-04-05 15:31:39.018217,00:0c:e7:0d:ad:87,-75.0,-75 dBm | Origem: Cliente desconhecido
2025-04-05 15:31:39.021451,30:cc:21:14:be:83,-16.0,-16 dBm | Origem: Cliente desconhecido
2025-04-05 15:31:39.044864,54:4b:54:2b:84:8f,-62.0,-62 dBm | Origem: Cliente desconhecido
2025-04-05 15:31:39.056264,56:4b:54:3b:84:8f,-62.0,-62 dBm | Origem: Cliente desconhecido
2025-04-05 15:31:39.069665,52:9f:14:d9:81:25,-83.0,-83 dBm | Origem: Cliente desconhecido
2025-04-05 15:31:39.099025,b2:16:7b:fe:cd:1f,-37.0,-37 dBm | Origem: Cliente desconhecido
2025-04-05 15:31:39.178543,22:55:7e:84:10:17,-80.0,-80 dBm | Origem: Cliente desconhecido
2025-04-05 15:31:39.312270,00:e0:20:5c:07:c5,-84.0,-84 dBm | Origem: Cliente desconhecido
2025-04-05 15:31:39.318067,50:8a:06:fc:81:4d,-40.0,-40 dBm | Origem: Cliente desconhecido
2025-04-05 15:31:39.430739,1e:98:11:c5:8f:2f,-62.0,-62 dBm | Origem: Cliente desconhecido
2025-04-05 15:31:39.442410,54:4b:54:24:74:37,-83.0,-83 dBm | Origem: Cliente desconhecido
2025-04-05 15:31:39.475067,a0:de:0f:60:67:8d,-82.0,-82 dBm | Origem: Cliente desconhecido
2025-04-05 15:31:39.906256,02:e0:20:0c:07:c5,-84.0,-84 dBm | Origem: Cliente desconhecido
2025-04-05 15:31:40.008070,30:cc:21:14:be:83,-16.0,-16 dBm | Origem: Cliente desconhecido
2025-04-05 15:31:40.008461,54:4b:54:24:74:37,-82.0,-82 dBm | Origem: Cliente desconhecido
2025-04-05 15:31:40.011517,22:55:7e:84:10:17,-76.0,-76 dBm | Origem: Cliente desconhecido
2025-04-05 15:31:40.023954,50:8a:06:fc:81:4d,-53.0,-53 dBm | Origem: Cliente desconhecido
2025-04-05 15:31:40.068865,54:4b:54:2b:84:8f,-62.0,-62 dBm | Origem: Cliente desconhecido
2025-04-05 15:31:40.080228,56:4b:54:3b:84:8f,-62.0,-62 dBm | Origem: Cliente desconhecido
2025-04-05 15:31:40.090896,a0:de:0f:60:67:8d,-79.0,-79 dBm | Origem: Cliente desconhecido
2025-04-05 15:31:40.111731,52:9f:14:d9:81:25,-78.0,-78 dBm | Origem: Cliente desconhecido
2025-04-05 15:31:40.492166,1e:98:11:c5:8f:2f,-61.0,-61 dBm | Origem: Cliente desconhecido
2025-04-05 15:31:41.001835,56:4b:54:3b:84:8f,-62.0,-62 dBm | Origem: Cliente desconhecido
2025-04-05 15:31:41.002055,22:55:7e:84:10:17,-70.0,-70 dBm | Origem: Cliente desconhecido
2025-04-05 15:31:41.005117,1e:98:11:c5:8f:2f,-61.0,-61 dBm | Origem: Cliente desconhecido
2025-04-05 15:31:41.019356,54:4b:54:24:74:37,-81.0,-81 dBm | Origem: Cliente desconhecido
2025-04-05 15:31:41.032206,30:cc:21:14:be:83,-16.0,-16 dBm | Origem: Cliente desconhecido
2025-04-05 15:31:41.060625,52:9f:14:d9:81:25,-82.0,-82 dBm | Origem: Cliente desconhecido
2025-04-05 15:31:41.092871,54:4b:54:2b:84:8f,-62.0,-62 dBm | Origem: Cliente desconhecido
2025-04-05 15:31:41.360287,00:e0:20:5c:07:c5,-82.0,-82 dBm | Origem: Cliente desconhecido
2025-04-05 15:31:41.404476,dc:4f:22:fa:54:46,-68.0,-68 dBm | Origem: Cliente desconhecido
2025-04-05 15:31:41.456474,50:8a:06:fc:81:4d,-53.0,-53 dBm | Origem: Cliente desconhecido
2025-04-05 15:31:41.523083,a0:de:0f:60:67:8d,-82.0,-82 dBm | Origem: Cliente desconhecido
2025-04-05 15:31:42.000985,54:4b:54:24:74:37,-83.0,-83 dBm | Origem: Cliente desconhecido
2025-04-05 15:31:42.014500,54:4b:54:2b:84:8f,-62.0,-62 dBm | Origem: Cliente desconhecido
2025-04-05 15:31:42.025863,56:4b:54:3b:84:8f,-62.0,-62 dBm | Origem: Cliente desconhecido
2025-04-05 15:31:42.030346,52:9f:14:d9:81:25,-80.0,-80 dBm | Origem: Cliente desconhecido
2025-04-05 15:31:42.056220,30:cc:21:14:be:83,-16.0,-16 dBm | Origem: Cliente desconhecido
2025-04-05 15:31:42.131014,1e:98:11:c5:8f:2f,-61.0,-61 dBm | Origem: Cliente desconhecido
2025-04-05 15:31:42.137496,a0:de:0f:60:67:8d,-82.0,-82 dBm | Origem: Cliente desconhecido
2025-04-05 15:31:42.292843,50:8a:06:fc:81:4d,-53.0,-53 dBm | Origem: Cliente desconhecido
2025-04-05 15:31:42.528297,32:fa:bb:95:5e:e2,-63.0,-63 dBm | Origem: Cliente desconhecido
2025-04-05 15:31:43.000781,54:4b:54:24:74:37,-82.0,-82 dBm | Origem: Cliente desconhecido
2025-04-05 15:31:43.038454,54:4b:54:2b:84:8f,-62.0,-62 dBm | Origem: Cliente desconhecido
2025-04-05 15:31:43.049870,56:4b:54:3b:84:8f,-62.0,-62 dBm | Origem: Cliente desconhecido
2025-04-05 15:31:43.050437,50:8a:06:fc:81:4d,-53.0,-53 dBm | Origem: Cliente desconhecido
2025-04-05 15:31:43.080153,30:cc:21:14:be:83,-16.0,-16 dBm | Origem: Cliente desconhecido
2025-04-05 15:31:43.131256,22:55:7e:84:10:17,-74.0,-74 dBm | Origem: Cliente desconhecido
2025-04-05 15:31:43.468949,a0:de:0f:60:67:8d,-83.0,-83 dBm | Origem: Cliente desconhecido
2025-04-05 15:31:43.596397,52:9f:14:d9:81:25,-78.0,-78 dBm | Origem: Cliente desconhecido
2025-04-05 15:31:44.001707,30:cc:21:14:be:83,-16.0,-16 dBm | Origem: Cliente desconhecido
2025-04-05 15:31:44.002906,dc:4f:22:fa:54:46,-67.0,-67 dBm | Origem: Cliente desconhecido
2025-04-05 15:31:44.047292,54:4b:54:24:74:37,-83.0,-83 dBm | Origem: Cliente desconhecido
2025-04-05 15:31:44.062469,54:4b:54:2b:84:8f,-62.0,-62 dBm | Origem: Cliente desconhecido
2025-04-05 15:31:44.063023,22:55:7e:84:10:17,-73.0,-73 dBm | Origem: Cliente desconhecido
2025-04-05 15:31:44.073854,56:4b:54:3b:84:8f,-62.0,-62 dBm | Origem: Cliente desconhecido
2025-04-05 15:31:44.186124,a0:de:0f:60:67:8d,-81.0,-81 dBm | Origem: Cliente desconhecido
2025-04-05 15:31:44.247402,a0:de:0f:60:67:88,-81.0,-81 dBm | Origem: Cliente desconhecido
2025-04-05 15:31:44.468004,50:8a:06:fc:81:4d,-53.0,-53 dBm | Origem: Cliente desconhecido
2025-04-05 15:31:44.944222,00:e0:20:5c:07:c5,-81.0,-81 dBm | Origem: Cliente desconhecido
2025-04-05 15:31:44.969932,b8:c6:aa:72:e5:fa,-36.0,-36 dBm | Origem: Cliente desconhecido
2025-04-05 15:31:45.004757,a0:de:0f:60:67:8d,-81.0,-81 dBm | Origem: Cliente desconhecido
2025-04-05 15:31:45.017616,dc:4f:22:fa:54:46,-75.0,-75 dBm | Origem: Cliente desconhecido
2025-04-05 15:31:45.025747,30:cc:21:14:be:83,-16.0,-16 dBm | Origem: Cliente desconhecido
2025-04-05 15:31:45.033534,50:8a:06:fc:81:4d,-57.0,-57 dBm | Origem: Cliente desconhecido
2025-04-05 15:31:45.038156,b8:c6:aa:72:e5:fa,-35.0,-35 dBm | Origem: Cliente desconhecido
2025-04-05 15:31:45.086463,54:4b:54:2b:84:8f,-62.0,-62 dBm | Origem: Cliente desconhecido
2025-04-05 15:31:45.097910,56:4b:54:3b:84:8f,-62.0,-62 dBm | Origem: Cliente desconhecido
2025-04-05 15:31:45.366666,d8:77:8b:f0:ad:72,-86.0,-86 dBm | Origem: Cliente desconhecido
2025-04-05 15:31:45.601262,1e:98:11:c5:8f:2f,-47.0,-47 dBm | Origem: Cliente desconhecido
2025-04-05 15:31:45.610304,22:55:7e:84:10:17,-78.0,-78 dBm | Origem: Cliente desconhecido
2025-04-05 15:31:45.626485,54:4b:54:24:74:37,-83.0,-83 dBm | Origem: Cliente desconhecido
2025-04-05 15:31:45.665409,56:4b:54:31:a6:ef,-83.0,-83 dBm | Origem: Cliente desconhecido
2025-04-05 15:31:45.743396,f0:a8:82:56:94:ae,-79.0,-79 dBm | Origem: Cliente desconhecido
2025-04-05 15:31:45.860716,52:9f:14:d9:81:25,-79.0,-79 dBm | Origem: Cliente desconhecido
2025-04-05 15:31:45.906260,02:e0:20:0c:07:c5,-85.0,-85 dBm | Origem: Cliente desconhecido
2025-04-05 15:31:45.968212,00:e0:20:5c:07:c5,-83.0,-83 dBm | Origem: Cliente desconhecido
2025-04-05 15:31:46.008069,54:4b:54:2b:84:8f,-62.0,-62 dBm | Origem: Cliente desconhecido
2025-04-05 15:31:46.019487,56:4b:54:3b:84:8f,-62.0,-62 dBm | Origem: Cliente desconhecido
2025-04-05 15:31:46.041533,dc:4f:22:fa:54:46,-71.0,-71 dBm | Origem: Cliente desconhecido
2025-04-05 15:31:46.049728,30:cc:21:14:be:83,-16.0,-16 dBm | Origem: Cliente desconhecido
2025-04-05 15:31:46.169658,54:4b:54:24:74:37,-82.0,-82 dBm | Origem: Cliente desconhecido
2025-04-05 15:31:46.209218,22:55:7e:84:10:17,-77.0,-77 dBm | Origem: Cliente desconhecido
2025-04-05 15:31:46.233856,a0:de:0f:60:67:8d,-82.0,-82 dBm | Origem: Cliente desconhecido
2025-04-05 15:31:46.664991,52:9f:14:d9:81:25,-75.0,-75 dBm | Origem: Cliente desconhecido
2025-04-05 15:31:46.972314,50:8a:06:fc:81:4d,-53.0,-53 dBm | Origem: Cliente desconhecido
2025-04-05 15:31:47.002482,54:4b:54:24:74:37,-85.0,-85 dBm | Origem: Cliente desconhecido
2025-04-05 15:31:47.026064,52:9f:14:d9:81:25,-76.0,-76 dBm | Origem: Cliente desconhecido
2025-04-05 15:31:47.032047,54:4b:54:2b:84:8f,-62.0,-62 dBm | Origem: Cliente desconhecido
2025-04-05 15:31:47.043502,56:4b:54:3b:84:8f,-62.0,-62 dBm | Origem: Cliente desconhecido
2025-04-05 15:31:47.055232,a0:de:0f:60:67:8d,-83.0,-83 dBm | Origem: Cliente desconhecido
2025-04-05 15:31:47.073801,30:cc:21:14:be:83,-16.0,-16 dBm | Origem: Cliente desconhecido
2025-04-05 15:31:47.135124,22:55:7e:84:10:17,-76.0,-76 dBm | Origem: Cliente desconhecido
2025-04-05 15:31:47.193724,b8:c6:aa:72:e5:fa,-35.0,-35 dBm | Origem: Cliente desconhecido
2025-04-05 15:31:47.388877,a0:de:0f:60:67:88,-82.0,-82 dBm | Origem: Cliente desconhecido
2025-04-05 15:31:48.040632,54:4b:54:24:74:37,-82.0,-82 dBm | Origem: Cliente desconhecido
2025-04-05 15:31:48.052492,50:8a:06:fc:81:4d,-53.0,-53 dBm | Origem: Cliente desconhecido
2025-04-05 15:31:48.056121,54:4b:54:2b:84:8f,-62.0,-62 dBm | Origem: Cliente desconhecido
2025-04-05 15:31:48.067443,56:4b:54:3b:84:8f,-62.0,-62 dBm | Origem: Cliente desconhecido
2025-04-05 15:31:48.076833,a0:de:0f:60:67:8d,-82.0,-82 dBm | Origem: Cliente desconhecido
2025-04-05 15:31:48.097917,30:cc:21:14:be:83,-16.0,-16 dBm | Origem: Cliente desconhecido
2025-04-05 15:31:48.169480,b8:c6:aa:72:e5:fa,-41.0,-41 dBm | Origem: Cliente desconhecido
2025-04-05 15:31:48.202321,dc:4f:22:fa:54:46,-64.0,-64 dBm | Origem: Cliente desconhecido
2025-04-05 15:31:48.430782,00:e0:20:5c:07:c5,-83.0,-83 dBm | Origem: Cliente desconhecido
2025-04-05 15:31:48.626808,74:ec:b2:78:e1:3e,-41.0,-41 dBm | Origem: Cliente desconhecido
2025-04-05 15:31:49.003078,dc:4f:22:fa:54:46,-75.0,-75 dBm | Origem: Cliente desconhecido
2025-04-05 15:31:49.019312,30:cc:21:14:be:83,-20.0,-20 dBm | Origem: Cliente desconhecido
2025-04-05 15:31:49.080070,54:4b:54:2b:84:8f,-62.0,-62 dBm | Origem: Cliente desconhecido
2025-04-05 15:31:49.091509,56:4b:54:3b:84:8f,-62.0,-62 dBm | Origem: Cliente desconhecido
2025-04-05 15:31:49.100784,a0:de:0f:60:67:8d,-82.0,-82 dBm | Origem: Cliente desconhecido
2025-04-05 15:31:49.122457,50:8a:06:fc:81:4d,-53.0,-53 dBm | Origem: Cliente desconhecido
2025-04-05 15:31:49.333330,22:55:7e:84:10:17,-74.0,-74 dBm | Origem: Cliente desconhecido
2025-04-05 15:31:49.664110,74:ec:b2:78:e1:3e,-42.0,-42 dBm | Origem: Cliente desconhecido
2025-04-05 15:31:49.906681,b8:c6:aa:72:e5:fa,-41.0,-41 dBm | Origem: Cliente desconhecido
2025-04-05 15:31:49.933327,02:e0:20:0c:07:c5,-85.0,-85 dBm | Origem: Cliente desconhecido
2025-04-05 15:31:50.001688,54:4b:54:2b:84:8f,-62.0,-62 dBm | Origem: Cliente desconhecido
2025-04-05 15:31:50.013119,56:4b:54:3b:84:8f,-62.0,-62 dBm | Origem: Cliente desconhecido
2025-04-05 15:31:50.025098,dc:4f:22:fa:54:46,-75.0,-75 dBm | Origem: Cliente desconhecido
2025-04-05 15:31:50.043411,30:cc:21:14:be:83,-17.0,-17 dBm | Origem: Cliente desconhecido
2025-04-05 15:31:50.043629,50:8a:06:fc:81:4d,-58.0,-58 dBm | Origem: Cliente desconhecido
2025-04-05 15:31:50.125061,a0:de:0f:60:67:8d,-79.0,-79 dBm | Origem: Cliente desconhecido
2025-04-05 15:31:50.206921,22:55:7e:84:10:17,-71.0,-71 dBm | Origem: Cliente desconhecido
2025-04-05 15:31:50.297226,32:fa:bb:95:5e:e2,-65.0,-65 dBm | Origem: Cliente desconhecido
2025-04-05 15:31:50.463292,6e:b5:d7:6d:c9:fa,-66.0,-66 dBm | Origem: Cliente desconhecido
2025-04-05 15:31:50.782115,00:e0:20:5c:07:c5,-84.0,-84 dBm | Origem: Cliente desconhecido
2025-04-05 15:31:50.848951,54:4b:54:24:74:37,-83.0,-83 dBm | Origem: Cliente desconhecido
2025-04-05 15:31:51.002881,22:55:7e:84:10:17,-72.0,-72 dBm | Origem: Cliente desconhecido
2025-04-05 15:31:51.015425,00:e0:20:5c:07:c5,-84.0,-84 dBm | Origem: Cliente desconhecido
2025-04-05 15:31:51.025717,54:4b:54:2b:84:8f,-62.0,-62 dBm | Origem: Cliente desconhecido
2025-04-05 15:31:51.044833,56:4b:54:3b:84:8f,-62.0,-62 dBm | Origem: Cliente desconhecido
2025-04-05 15:31:51.069308,30:cc:21:14:be:83,-16.0,-16 dBm | Origem: Cliente desconhecido
2025-04-05 15:31:51.148801,a0:de:0f:60:67:8d,-82.0,-82 dBm | Origem: Cliente desconhecido
2025-04-05 15:31:51.157628,f6:39:ed:47:35:e6,-82.0,-82 dBm | Origem: Cliente desconhecido
2025-04-05 15:31:51.171567,50:8a:06:fc:81:4d,-55.0,-55 dBm | Origem: Cliente desconhecido
2025-04-05 15:31:51.336736,54:4b:54:24:74:37,-82.0,-82 dBm | Origem: Cliente desconhecido
2025-04-05 15:31:51.371171,b8:c6:aa:72:e5:fa,-41.0,-41 dBm | Origem: Cliente desconhecido
2025-04-05 15:31:51.375768,dc:4f:22:fa:54:46,-74.0,-74 dBm | Origem: Cliente desconhecido
2025-04-05 15:31:51.427446,52:9f:14:d9:81:25,-79.0,-79 dBm | Origem: Cliente desconhecido
2025-04-05 15:31:51.560698,48:9a:5b:c7:f8:40,-82.0,-82 dBm | Origem: Cliente desconhecido
2025-04-05 15:31:51.564121,1e:98:11:c5:8f:2f,-44.0,-44 dBm | Origem: Cliente desconhecido
2025-04-05 15:31:51.648877,f0:a8:82:56:94:ae,-79.0,-79 dBm | Origem: Cliente desconhecido
2025-04-05 15:31:51.910623,02:e0:20:0c:07:c5,-83.0,-83 dBm | Origem: Cliente desconhecido
2025-04-05 15:31:52.049672,54:4b:54:2b:84:8f,-61.0,-61 dBm | Origem: Cliente desconhecido
2025-04-05 15:31:52.061099,56:4b:54:3b:84:8f,-62.0,-62 dBm | Origem: Cliente desconhecido
2025-04-05 15:31:52.070428,a0:de:0f:60:67:8d,-82.0,-82 dBm | Origem: Cliente desconhecido
2025-04-05 15:31:52.075525,dc:4f:22:fa:54:46,-72.0,-72 dBm | Origem: Cliente desconhecido
2025-04-05 15:31:52.091741,30:cc:21:14:be:83,-17.0,-17 dBm | Origem: Cliente desconhecido
2025-04-05 15:31:52.114092,22:55:7e:84:10:17,-73.0,-73 dBm | Origem: Cliente desconhecido
2025-04-05 15:31:52.194911,50:8a:06:fc:81:4d,-54.0,-54 dBm | Origem: Cliente desconhecido
2025-04-05 15:31:52.285089,54:4b:54:24:74:37,-83.0,-83 dBm | Origem: Cliente desconhecido
2025-04-05 15:31:52.299705,56:4b:54:34:74:37,-83.0,-83 dBm | Origem: Cliente desconhecido
2025-04-05 15:31:52.459740,52:9f:14:d9:81:25,-78.0,-78 dBm | Origem: Cliente desconhecido
2025-04-05 15:31:53.013653,30:cc:21:14:be:83,-17.0,-17 dBm | Origem: Cliente desconhecido
2025-04-05 15:31:53.032093,54:4b:54:24:74:37,-82.0,-82 dBm | Origem: Cliente desconhecido
2025-04-05 15:31:53.073681,54:4b:54:2b:84:8f,-62.0,-62 dBm | Origem: Cliente desconhecido
2025-04-05 15:31:53.085105,56:4b:54:3b:84:8f,-62.0,-62 dBm | Origem: Cliente desconhecido
2025-04-05 15:31:53.218818,50:8a:06:fc:81:4d,-53.0,-53 dBm | Origem: Cliente desconhecido
2025-04-05 15:31:53.376581,22:55:7e:84:10:17,-71.0,-71 dBm | Origem: Cliente desconhecido
2025-04-05 15:31:53.420929,a0:de:0f:60:67:88,-82.0,-82 dBm | Origem: Cliente desconhecido
2025-04-05 15:31:53.462173,b8:c6:aa:72:e5:fa,-41.0,-41 dBm | Origem: Cliente desconhecido
2025-04-05 15:31:53.504018,a0:de:0f:60:67:8d,-83.0,-83 dBm | Origem: Cliente desconhecido
2025-04-05 15:31:53.528659,dc:4f:22:fa:54:46,-76.0,-76 dBm | Origem: Cliente desconhecido
2025-04-05 15:31:53.627806,1e:98:11:c5:8f:2f,-47.0,-47 dBm | Origem: Cliente desconhecido
2025-04-05 15:31:53.744860,52:9f:14:d9:81:25,-81.0,-81 dBm | Origem: Cliente desconhecido
2025-04-05 15:31:53.855301,00:e0:20:5c:07:c5,-84.0,-84 dBm | Origem: Cliente desconhecido
2025-04-05 15:31:54.006699,56:4b:54:3b:84:8f,-62.0,-62 dBm | Origem: Cliente desconhecido
2025-04-05 15:31:54.017601,54:4b:54:24:74:37,-83.0,-83 dBm | Origem: Cliente desconhecido
2025-04-05 15:31:54.037172,30:cc:21:14:be:83,-17.0,-17 dBm | Origem: Cliente desconhecido
2025-04-05 15:31:54.097684,54:4b:54:2b:84:8f,-62.0,-62 dBm | Origem: Cliente desconhecido
2025-04-05 15:31:54.242679,50:8a:06:fc:81:4d,-53.0,-53 dBm | Origem: Cliente desconhecido
2025-04-05 15:31:54.549633,f6:39:ed:47:35:e6,-83.0,-83 dBm | Origem: Cliente desconhecido
2025-04-05 15:31:54.717711,52:9f:14:d9:81:25,-80.0,-80 dBm | Origem: Cliente desconhecido
2025-04-05 15:31:54.733560,a0:de:0f:60:67:8d,-82.0,-82 dBm | Origem: Cliente desconhecido
2025-04-05 15:31:54.857285,dc:4f:22:fa:54:46,-73.0,-73 dBm | Origem: Cliente desconhecido
2025-04-05 15:31:55.002996,54:4b:54:24:74:37,-84.0,-84 dBm | Origem: Cliente desconhecido
2025-04-05 15:31:55.019331,54:4b:54:2b:84:8f,-62.0,-62 dBm | Origem: Cliente desconhecido
2025-04-05 15:31:55.030721,56:4b:54:3b:84:8f,-62.0,-62 dBm | Origem: Cliente desconhecido
2025-04-05 15:31:55.040301,50:8a:06:fc:81:4d,-58.0,-58 dBm | Origem: Cliente desconhecido
2025-04-05 15:31:55.054573,30:cc:21:14:be:83,-19.0,-19 dBm | Origem: Cliente desconhecido
2025-04-05 15:31:55.059298,a0:de:0f:60:67:88,-80.0,-80 dBm | Origem: Cliente desconhecido
2025-04-05 15:31:55.063049,dc:4f:22:fa:54:46,-74.0,-74 dBm | Origem: Cliente desconhecido
2025-04-05 15:31:55.149091,a0:de:0f:60:67:8d,-84.0,-84 dBm | Origem: Cliente desconhecido
2025-04-05 15:31:55.655689,52:9f:14:d9:81:25,-78.0,-78 dBm | Origem: Cliente desconhecido
2025-04-05 15:31:55.908869,22:55:7e:84:10:17,-68.0,-68 dBm | Origem: Cliente desconhecido
2025-04-05 15:31:55.912098,b8:c6:aa:72:e5:fa,-41.0,-41 dBm | Origem: Cliente desconhecido
2025-04-05 15:31:55.915001,02:e0:20:0c:07:c5,-84.0,-84 dBm | Origem: Cliente desconhecido
2025-04-05 15:31:56.001320,54:4b:54:24:74:37,-84.0,-84 dBm | Origem: Cliente desconhecido
2025-04-05 15:31:56.043288,54:4b:54:2b:84:8f,-62.0,-62 dBm | Origem: Cliente desconhecido
2025-04-05 15:31:56.054709,56:4b:54:3b:84:8f,-62.0,-62 dBm | Origem: Cliente desconhecido
2025-04-05 15:31:56.065182,dc:4f:22:fa:54:46,-73.0,-73 dBm | Origem: Cliente desconhecido
2025-04-05 15:31:56.084999,30:cc:21:14:be:83,-17.0,-17 dBm | Origem: Cliente desconhecido
2025-04-05 15:31:56.156813,b8:c6:aa:72:e5:fa,-41.0,-41 dBm | Origem: Cliente desconhecido
2025-04-05 15:31:56.168070,22:55:7e:84:10:17,-70.0,-70 dBm | Origem: Cliente desconhecido
2025-04-05 15:31:56.179425,f6:95:4e:a9:92:0c,-71.0,-71 dBm | Origem: Cliente desconhecido
